TXS, , ,NGC, , , 
m_DM [GeV], g_{SM} g_{Chi} Chi 1 Scattering, g_{SM} g_{Chi} Chi 2 Scattering,m_DM [GeV], g_{SM} g_{Chi} Chi 1 Scattering, g_{SM} g_{Chi} Chi 2 Scattering,
1e-05,7.357544853897051e-06,6.604066967654183e-06,1e-05,2.72884878234005e-05,2.437127622237056e-05,
3.1622776601683795e-05,8.765897661756601e-06,7.934846970030293e-06,3.1622776601683795e-05,3.1556525741814674e-05,2.816619570392551e-05,
0.0001,1.0964448761812614e-05,1.0133895219120182e-05,0.0001,3.658539038927841e-05,3.258296010806696e-05,
0.00031622776601683794,1.5031513962985202e-05,1.4374385497284744e-05,0.00031622776601683794,4.258450478003385e-05,3.785913652687976e-05,
0.001,2.3579374641594673e-05,2.3212696578787514e-05,0.001,5.145569248916769e-05,4.53330282477545e-05,
0.0031622776601683794,4.7548566390803276e-05,4.758096970542318e-05,0.0031622776601683794,8.102575497911185e-05,6.59858605474487e-05,
0.01,0.00017546264793449407,0.00015825267939385557,0.01,0.0002615206393744824,0.00015672608030388772,
0.03162277660168379,0.0007021917626717167,0.0006190377897844412,0.03162277660168379,0.0019581064123292604,0.0004672135169404676,
0.1,0.0038715081540199596,0.0021158890370313074,0.1,0.012226257366925238,0.0013147858070645837,
0.31622776601683794,0.022574033022912835,0.00875297133145918,0.31622776601683794,0.07821910009112064,0.004456340006216911,
1.0,0.19319135286536382,0.03929054398817587,1.0,0.6960511480074631,0.03571799432141165,
3.1622776601683795,2.3094970608338863,0.14905874038098352,3.1622776601683795,8.655964242880376,0.18044737624524773,
10.0,32.679054715984364,0.6450939160776239,10.0,126.45628524961347,0.6119776829035132,
31.622776601683793,575.256948500328,2.9811978446882854,31.622776601683793,2502.253510876075,2.0566489659551,
100.0,10000000000.0,15.878377221966685,100.0,10000000000.0,8.233990571627821,
316.22776601683796,10000000000.0,84.75129871524975,316.22776601683796,10000000000.0,36.266448842414995,
1000.0,10000000000.0,471.503647076108,1000.0,10000000000.0,180.77842315464787,
3162.2776601683795,10000000000.0,2788.229395528646,3162.2776601683795,10000000000.0,1205.6006504197146,
10000.0,10000000000.0,16397.22004287446,10000.0,10000000000.0,11021.210575514886,
